gameType,countGrinder,countObnoxious,countWhale,countLowStakes,avgBankroll,candidateBehaviorStyle,candidateBankrollStyle,candidateBalance,deltaMood,deltaProfit
Poker,2,1,0,1,3182.2500,LOW_STAKES,LOW_ROLLER,455,0.008357333333333333,107.72666666666667
Poker,1,0,1,1,14258.3333,OBNOXIOUS,LOW_ROLLER,478,-0.052852333333333334,51.41
Blackjack,2,0,0,0,18183.0000,LOW_STAKES,LOW_ROLLER,164,0.029530333333333332,-4220.803333333333
Blackjack,1,2,0,0,4596.3333,GRINDER,HIGH_ROLLER,10693,0.011818,1176.0533333333333
Roulette,1,0,0,0,15499.0000,LOW_STAKES,LOW_ROLLER,543,0.02840133333333333,-2005.3
Craps,0,2,1,3,3927.1667,LOW_STAKES,EVEN_STEVEN,1593,0.008079666666666666,-1754.5
Poker,2,0,0,2,8797.7500,WHALE,HIGH_ROLLER,18641,-0.022735333333333333,2626.05
Roulette,1,2,0,0,7635.3333,LOW_STAKES,LOW_ROLLER,499,0.040993999999999996,-1863.38
Poker,0,0,0,0,0.0000,WHALE,HIGH_ROLLER,17987,0.0,0.0
Blackjack,0,0,0,0,0.0000,WHALE,HIGH_ROLLER,24372,0.0,6632.61
Blackjack,0,0,0,1,1494.0000,GRINDER,HIGH_ROLLER,9896,-0.023137666666666667,-1062.6866666666667
Blackjack,1,0,2,1,6896.0000,OBNOXIOUS,HIGH_ROLLER,8446,-0.04253133333333333,1775.13
Craps,0,1,3,2,4136.6667,LOW_STAKES,LOW_ROLLER,536,0.020392333333333335,-2444.786666666667
Roulette,1,1,1,0,5426.3333,OBNOXIOUS,HIGH_ROLLER,4216,-0.020100333333333335,-12.71
Poker,0,2,2,0,7406.2500,GRINDER,HIGH_ROLLER,23677,-0.21583433333333332,2596.6633333333334
Craps,1,0,0,0,14033.0000,WHALE,HIGH_ROLLER,21764,0.055933333333333335,11576.54
Roulette,0,0,0,0,0.0000,GRINDER,EVEN_STEVEN,532,0.0,18.066666666666666
Roulette,0,0,0,0,0.0000,LOW_STAKES,LOW_ROLLER,412,0.0,-47.88666666666666
Craps,0,0,0,0,0.0000,LOW_STAKES,LOW_ROLLER,550,0.0,26.593333333333334
Poker,2,2,1,2,5758.8571,OBNOXIOUS,LOW_ROLLER,587,-0.014758666666666666,440.9166666666667
Poker,0,0,0,0,0.0000,OBNOXIOUS,LOW_ROLLER,300,0.0,0.0
Roulette,1,2,1,1,2953.6000,WHALE,HIGH_ROLLER,7476,-0.012961666666666666,4274.253333333333
Roulette,0,0,2,0,14191.0000,OBNOXIOUS,EVEN_STEVEN,1086,-0.13016,2329.3633333333332
Blackjack,0,0,0,0,0.0000,LOW_STAKES,EVEN_STEVEN,1091,0.0,206.06666666666666
Blackjack,1,2,0,0,19757.0000,LOW_STAKES,LOW_ROLLER,419,0.005043999999999999,1639.98
Roulette,3,1,1,0,7307.8000,WHALE,HIGH_ROLLER,7410,0.025665333333333335,-2301.06
Roulette,0,0,0,0,0.0000,WHALE,HIGH_ROLLER,17115,0.0,1833.32
Blackjack,0,0,2,0,18072.0000,LOW_STAKES,LOW_ROLLER,415,-0.07034733333333333,1183.33
Blackjack,0,0,0,0,0.0000,OBNOXIOUS,LOW_ROLLER,298,0.0,-1.3366666666666667
Blackjack,0,0,0,0,0.0000,OBNOXIOUS,LOW_ROLLER,599,0.0,-8.156666666666666
Roulette,0,1,0,0,17996.0000,WHALE,HIGH_ROLLER,15571,-0.05593733333333334,4193.8133333333335
Poker,0,1,0,0,521.0000,WHALE,HIGH_ROLLER,17822,-0.9737466666666668,221.46
Craps,1,0,1,1,8472.6667,LOW_STAKES,EVEN_STEVEN,714,0.013233666666666668,162.96333333333334
Roulette,0,0,1,1,11846.5000,WHALE,HIGH_ROLLER,12852,0.007082666666666665,1109.6233333333332
Poker,0,0,0,0,0.0000,LOW_STAKES,LOW_ROLLER,390,0.0,0.0
Poker,0,0,1,1,7410.5000,OBNOXIOUS,HIGH_ROLLER,8459,-0.023560666666666674,1391.7566666666667
Roulette,0,1,1,0,20305.5000,GRINDER,EVEN_STEVEN,1126,0.077198,-5129.48
Roulette,1,1,0,0,713.0000,LOW_STAKES,LOW_ROLLER,541,0.017446666666666666,-325.70666666666665
Craps,2,0,3,1,7435.6667,LOW_STAKES,LOW_ROLLER,155,-0.018470666666666666,3253.556666666667
Blackjack,1,1,0,0,4951.5000,WHALE,HIGH_ROLLER,15453,0.068508,5147.673333333333
Poker,0,0,0,0,0.0000,LOW_STAKES,EVEN_STEVEN,484,0.0,0.0
Roulette,1,0,0,0,20112.0000,WHALE,HIGH_ROLLER,5599,0.07734666666666667,893.2566666666667
Poker,1,0,1,1,9110.6667,GRINDER,HIGH_ROLLER,21608,-0.051844,2480.7933333333335
Craps,1,1,1,1,4032.0000,OBNOXIOUS,HIGH_ROLLER,18379,-0.018796666666666666,3295.9266666666667
Roulette,0,1,0,0,528.0000,WHALE,HIGH_ROLLER,21040,0.05431266666666667,1580.4566666666667
Poker,0,0,0,0,0.0000,GRINDER,EVEN_STEVEN,467,0.0,0.0
Roulette,1,1,0,1,3093.0000,WHALE,HIGH_ROLLER,4609,-0.012001666666666666,1108.4166666666667
Craps,1,2,3,0,9590.1667,OBNOXIOUS,EVEN_STEVEN,996,-0.031825,4153.3
Craps,1,3,1,1,3011.3333,WHALE,HIGH_ROLLER,23628,-0.004379666666666666,6712.143333333333
Roulette,0,1,0,0,524.0000,OBNOXIOUS,LOW_ROLLER,538,0.039207,-330.16
Roulette,0,0,0,1,187.0000,LOW_STAKES,LOW_ROLLER,202,-0.06691233333333332,80.86333333333333
Blackjack,0,0,0,1,558.0000,WHALE,HIGH_ROLLER,11436,0.019085666666666667,4800.856666666667
Roulette,1,0,2,0,13269.3333,GRINDER,HIGH_ROLLER,4347,-0.03770333333333333,4026.2766666666666
Blackjack,0,2,2,0,6588.5000,LOW_STAKES,EVEN_STEVEN,683,-0.033399666666666675,1957.5066666666667
Roulette,1,0,1,0,7013.5000,WHALE,HIGH_ROLLER,12466,0.04918466666666667,-541.6333333333333
Roulette,0,0,0,2,929.0000,WHALE,HIGH_ROLLER,7942,0.002289666666666667,463.21
Blackjack,0,1,0,1,868.5000,LOW_STAKES,EVEN_STEVEN,1111,0.018335333333333335,293.85
Roulette,1,1,1,2,6405.8000,OBNOXIOUS,LOW_ROLLER,491,-0.023674666666666667,804.59
Roulette,3,1,0,1,2767.6000,OBNOXIOUS,HIGH_ROLLER,3960,-0.00882266666666667,-69.17
Craps,1,1,3,1,8306.8333,GRINDER,HIGH_ROLLER,9270,0.004890000000000001,2845.5
Roulette,1,1,0,0,843.5000,LOW_STAKES,EVEN_STEVEN,883,-0.0025953333333333314,-100.98666666666666
Poker,0,0,0,0,0.0000,LOW_STAKES,EVEN_STEVEN,1022,0.0,0.0
Blackjack,1,1,2,0,17329.5000,OBNOXIOUS,LOW_ROLLER,277,-0.007109333333333332,899.9533333333334
Roulette,1,2,1,0,8962.5000,LOW_STAKES,EVEN_STEVEN,924,0.0009626666666666662,773.8933333333333
Craps,2,1,1,2,8979.5000,OBNOXIOUS,HIGH_ROLLER,17757,0.0023486666666666677,1505.6966666666667
Roulette,0,1,0,1,4553.5000,OBNOXIOUS,HIGH_ROLLER,15811,0.046785,923.6666666666666
Blackjack,0,1,1,0,12297.5000,LOW_STAKES,LOW_ROLLER,315,-0.011062333333333334,690.11
Poker,1,1,1,1,8540.7500,OBNOXIOUS,EVEN_STEVEN,966,-0.023835333333333333,207.09333333333333
Roulette,3,1,1,0,11984.8000,LOW_STAKES,LOW_ROLLER,321,-0.022003,3602.5033333333336
Poker,0,0,0,0,0.0000,OBNOXIOUS,HIGH_ROLLER,19130,0.0,0.0
Blackjack,0,1,0,0,369.0000,GRINDER,HIGH_ROLLER,5946,-0.017038666666666667,283.32666666666665
Blackjack,1,0,0,0,4190.0000,OBNOXIOUS,LOW_ROLLER,190,-0.027012333333333333,-592.6966666666667
Blackjack,0,0,0,0,0.0000,LOW_STAKES,LOW_ROLLER,495,0.0,52.7
Poker,0,0,0,0,0.0000,OBNOXIOUS,LOW_ROLLER,559,0.0,0.0
Blackjack,0,1,0,3,832.2500,LOW_STAKES,LOW_ROLLER,516,0.036610666666666666,-11.193333333333333
Craps,2,0,3,2,9533.1429,WHALE,HIGH_ROLLER,4131,-0.022944666666666665,8247.506666666666
Poker,1,1,0,1,2273.0000,GRINDER,EVEN_STEVEN,728,-0.055424333333333325,242.15333333333334
Roulette,2,0,1,0,10214.0000,WHALE,HIGH_ROLLER,17861,0.051988000000000006,273.84
Craps,0,0,0,1,1238.0000,LOW_STAKES,EVEN_STEVEN,1292,0.03967433333333333,194.06
Roulette,1,1,0,2,6059.7500,OBNOXIOUS,LOW_ROLLER,420,-0.016841333333333333,-940.51
Roulette,2,0,0,2,4617.5000,WHALE,HIGH_ROLLER,19747,0.008598,4179.05
Craps,1,0,0,0,665.0000,LOW_STAKES,EVEN_STEVEN,1519,-0.005232000000000001,219.03333333333333
Poker,0,1,0,0,1690.0000,WHALE,HIGH_ROLLER,9859,-0.7411453333333333,469.72333333333336
Craps,1,4,0,0,4700.0000,WHALE,HIGH_ROLLER,3468,-0.006414999999999999,3988.0466666666666
Roulette,1,0,2,0,10381.6667,GRINDER,HIGH_ROLLER,5102,-0.023936333333333334,2734.58
Poker,0,0,0,1,345.0000,LOW_STAKES,LOW_ROLLER,296,0.041169,37.78
Craps,2,0,3,1,9456.6667,WHALE,HIGH_ROLLER,12601,0.006800666666666667,5770.206666666667
Poker,1,2,1,1,6241.4000,WHALE,HIGH_ROLLER,18382,-0.09056133333333334,2351.1066666666666
Poker,2,0,1,1,11830.0000,OBNOXIOUS,EVEN_STEVEN,1177,-0.03473166666666667,159.67666666666668
Poker,0,2,1,0,6401.6667,LOW_STAKES,EVEN_STEVEN,755,-0.013053333333333333,374.3933333333333
Roulette,1,0,0,1,4753.5000,WHALE,HIGH_ROLLER,20370,0.059902000000000004,-208.09333333333333
Blackjack,0,0,0,1,599.0000,OBNOXIOUS,LOW_ROLLER,163,-0.154981,-5.516666666666667
Roulette,0,0,0,0,0.0000,OBNOXIOUS,EVEN_STEVEN,1575,0.0,523.4
Roulette,0,0,0,0,0.0000,WHALE,HIGH_ROLLER,18437,0.0,3411.44
Poker,1,0,0,1,1055.0000,OBNOXIOUS,HIGH_ROLLER,22336,-0.2770066666666667,926.8266666666667
Craps,1,1,0,1,3748.3333,LOW_STAKES,EVEN_STEVEN,501,0.016931333333333333,-141.80666666666667
Poker,0,0,0,0,0.0000,WHALE,HIGH_ROLLER,3283,0.0,0.0
Craps,0,1,4,1,10228.0000,OBNOXIOUS,LOW_ROLLER,209,0.009709666666666669,-642.1666666666666
Craps,2,1,1,1,6004.8000,GRINDER,EVEN_STEVEN,1456,-0.012483666666666665,2660.1233333333334
Poker,2,1,1,0,4562.0000,OBNOXIOUS,HIGH_ROLLER,4734,-0.063712,917.09
Poker,3,2,1,0,8961.3333,GRINDER,EVEN_STEVEN,1638,-0.017857,348.1766666666667
Craps,0,0,0,0,0.0000,GRINDER,HIGH_ROLLER,21758,0.0,2992.06
Craps,0,1,0,1,955.5000,OBNOXIOUS,LOW_ROLLER,239,-0.03478266666666667,61.50666666666667
Roulette,0,0,0,0,0.0000,OBNOXIOUS,HIGH_ROLLER,6691,0.0,-51.22
Roulette,1,1,0,0,10497.0000,OBNOXIOUS,HIGH_ROLLER,13853,0.03228933333333333,-307.0933333333333
Craps,2,2,1,2,3905.7143,LOW_STAKES,EVEN_STEVEN,1537,0.008972333333333334,-2500.74
Craps,0,0,0,1,489.0000,WHALE,HIGH_ROLLER,11811,0.010008,6112.546666666667
Poker,2,0,2,1,6730.6000,LOW_STAKES,LOW_ROLLER,401,-0.009361333333333333,235.61
Roulette,0,0,0,0,0.0000,LOW_STAKES,LOW_ROLLER,341,0.0,27.43
Poker,0,0,0,0,0.0000,OBNOXIOUS,LOW_ROLLER,198,0.0,0.0
Roulette,3,1,0,1,7032.8000,LOW_STAKES,LOW_ROLLER,226,0.016786,-475.14666666666665
Poker,0,1,0,1,593.5000,OBNOXIOUS,EVEN_STEVEN,855,-0.2646673333333333,121.35666666666667
Roulette,1,1,2,1,9211.0000,WHALE,HIGH_ROLLER,18936,0.023666333333333334,1283.6133333333332
Craps,0,1,0,1,984.0000,OBNOXIOUS,EVEN_STEVEN,1512,-0.042735,228.08666666666667
Craps,0,0,0,0,0.0000,GRINDER,HIGH_ROLLER,14348,0.0,2285.213333333333
Poker,1,2,2,2,2825.2857,OBNOXIOUS,HIGH_ROLLER,17241,-0.08456366666666666,1944.6866666666667
Blackjack,0,0,0,0,0.0000,GRINDER,HIGH_ROLLER,24216,0.0,1675.9033333333334
Craps,1,1,0,1,9393.6667,WHALE,HIGH_ROLLER,23158,0.025404,8030.433333333333
Roulette,0,0,0,0,0.0000,LOW_STAKES,EVEN_STEVEN,1080,0.0,247.07
Craps,0,0,0,0,0.0000,WHALE,HIGH_ROLLER,12238,0.0,2895.1266666666666
Poker,0,0,0,0,0.0000,WHALE,HIGH_ROLLER,9166,0.0,0.0
Roulette,0,0,0,0,0.0000,OBNOXIOUS,LOW_ROLLER,392,0.0,28.046666666666667
Blackjack,0,1,0,0,344.0000,GRINDER,HIGH_ROLLER,21172,-0.06339966666666666,1000.1866666666666
Blackjack,0,0,0,1,532.0000,GRINDER,EVEN_STEVEN,612,-0.04772066666666667,12.5
Poker,1,3,0,1,2984.6000,GRINDER,EVEN_STEVEN,993,-0.025132,296.6
Blackjack,0,1,1,2,6304.5000,LOW_STAKES,EVEN_STEVEN,1229,0.0023986666666666657,829.05
Roulette,1,0,0,1,3676.5000,WHALE,HIGH_ROLLER,19938,0.06709133333333334,2075.7533333333336
Roulette,1,0,0,0,597.0000,GRINDER,HIGH_ROLLER,12690,0.016480333333333333,3337.1833333333334
Blackjack,0,1,0,0,20589.0000,GRINDER,EVEN_STEVEN,915,-0.099811,129.02666666666667
Poker,0,1,1,0,12906.5000,WHALE,HIGH_ROLLER,11686,-0.28445966666666667,1780.5566666666666
Craps,0,0,0,0,0.0000,GRINDER,EVEN_STEVEN,498,0.0,52.93333333333333
Blackjack,0,1,0,3,789.5000,WHALE,HIGH_ROLLER,19636,-0.016253666666666666,6913.846666666666
Craps,3,0,1,2,2554.8333,LOW_STAKES,EVEN_STEVEN,1519,0.005192666666666667,-227.75
Craps,1,0,0,0,1065.0000,WHALE,HIGH_ROLLER,23278,0.071959,7765.246666666667
Craps,2,1,1,2,3965.6667,LOW_STAKES,EVEN_STEVEN,1705,0.014612333333333333,-997.7466666666667
Poker,2,0,1,1,4544.0000,WHALE,HIGH_ROLLER,19517,-0.044795,2229.4333333333334
Blackjack,2,1,0,1,4501.2500,LOW_STAKES,EVEN_STEVEN,714,-0.0010166666666666675,583.8733333333333
Blackjack,1,1,1,1,11415.5000,GRINDER,EVEN_STEVEN,1149,0.012382666666666667,-184.30333333333334
Craps,3,1,0,0,5551.7500,OBNOXIOUS,EVEN_STEVEN,1709,0.007168333333333332,-1878.4633333333334
Blackjack,0,1,1,1,5178.6667,LOW_STAKES,LOW_ROLLER,584,-0.026538000000000003,1303.0666666666666
Craps,1,2,1,2,6736.5000,LOW_STAKES,EVEN_STEVEN,512,0.021360999999999998,278.07
Poker,1,2,2,1,8664.1667,GRINDER,HIGH_ROLLER,17530,-0.13271666666666665,2624.8033333333333
Craps,2,1,1,1,5427.4000,WHALE,HIGH_ROLLER,17262,-0.0015396666666666662,7656.663333333333
Poker,0,1,0,0,6861.0000,WHALE,HIGH_ROLLER,13886,-0.44978266666666666,1290.8166666666666
Poker,0,0,0,0,0.0000,WHALE,HIGH_ROLLER,20910,0.0,0.0
Blackjack,1,2,1,0,9323.5000,WHALE,HIGH_ROLLER,5431,0.05363233333333334,1265.3733333333332
Craps,1,0,0,0,1463.0000,GRINDER,EVEN_STEVEN,1780,0.015536666666666669,43.51
Poker,2,1,0,0,5167.3333,WHALE,HIGH_ROLLER,11701,0.005197333333333333,1419.9433333333334
Craps,5,1,1,0,10952.1429,GRINDER,HIGH_ROLLER,3126,-0.001424999999999999,2977.0466666666666
Poker,1,0,0,0,1658.0000,WHALE,HIGH_ROLLER,8057,-0.11611399999999998,517.9566666666667
Blackjack,1,1,1,0,13567.3333,WHALE,HIGH_ROLLER,7135,0.050727999999999995,-1162.4966666666667
Craps,3,1,0,1,10180.8000,OBNOXIOUS,LOW_ROLLER,566,-0.005004333333333334,-1320.74
Blackjack,1,1,0,0,7720.5000,OBNOXIOUS,LOW_ROLLER,316,-0.007405666666666667,-705.2733333333333
Blackjack,1,2,0,1,6279.0000,LOW_STAKES,LOW_ROLLER,386,0.049779333333333335,-2099.35
Poker,0,2,1,1,8212.2500,GRINDER,HIGH_ROLLER,8208,-0.05129633333333333,1644.5066666666667
Blackjack,1,1,2,0,10431.7500,WHALE,HIGH_ROLLER,8421,0.023860000000000003,2743.7266666666665
Craps,2,2,1,0,6364.0000,OBNOXIOUS,HIGH_ROLLER,8295,0.0043803333333333324,-736.8033333333333
Poker,3,3,1,0,5416.1429,WHALE,HIGH_ROLLER,13458,-0.010392333333333333,1695.4333333333334
Blackjack,0,0,1,0,12528.0000,GRINDER,EVEN_STEVEN,1650,-0.052770000000000004,1831.8766666666668
Poker,0,1,0,1,1019.0000,WHALE,HIGH_ROLLER,21002,-0.5946706666666667,620.53
Blackjack,0,0,0,1,709.0000,OBNOXIOUS,HIGH_ROLLER,16049,-0.14861966666666668,135.13
Roulette,0,1,0,1,1061.0000,GRINDER,HIGH_ROLLER,7329,0.03443966666666667,1848.1633333333334
Craps,0,0,0,3,744.3333,WHALE,HIGH_ROLLER,5970,-0.03200066666666666,2372.673333333333
Poker,1,1,0,0,614.5000,OBNOXIOUS,HIGH_ROLLER,22410,-0.164454,718.4533333333334
Poker,1,3,1,0,5410.4000,GRINDER,HIGH_ROLLER,17153,-0.11307666666666667,2323.91
Roulette,0,1,0,0,13986.0000,LOW_STAKES,EVEN_STEVEN,709,0.04023633333333333,-1152.4733333333334
Blackjack,0,0,0,0,0.0000,LOW_STAKES,LOW_ROLLER,202,0.0,25.483333333333334
Roulette,2,0,3,0,14387.8000,GRINDER,EVEN_STEVEN,617,0.022531,-2297.5866666666666
Poker,0,0,0,0,0.0000,GRINDER,EVEN_STEVEN,1629,0.0,0.0
Craps,0,0,1,0,19310.0000,LOW_STAKES,EVEN_STEVEN,1648,-0.172801,4249.1866666666665
Blackjack,0,0,1,1,8938.0000,GRINDER,EVEN_STEVEN,880,-0.038273,943.76
Craps,2,1,0,2,3277.2000,WHALE,HIGH_ROLLER,13872,0.011560999999999998,6445.56
Poker,1,3,0,0,2656.2500,OBNOXIOUS,LOW_ROLLER,511,-0.0015856666666666669,138.25333333333333
Blackjack,0,1,0,0,206.0000,LOW_STAKES,EVEN_STEVEN,1357,0.05504900000000001,251.41
Blackjack,0,1,0,0,221.0000,LOW_STAKES,EVEN_STEVEN,1396,-0.010429666666666667,311.0933333333333
Craps,0,0,0,1,256.0000,WHALE,HIGH_ROLLER,6682,-0.016339999999999997,3080.6633333333334
Roulette,0,0,1,1,4522.5000,GRINDER,EVEN_STEVEN,476,-0.043275999999999995,1815.9633333333334
Poker,2,0,0,0,1437.0000,GRINDER,EVEN_STEVEN,538,-0.028269333333333334,101.90333333333334
Craps,1,0,0,0,452.0000,OBNOXIOUS,EVEN_STEVEN,661,-0.031051000000000002,-21.776666666666667
Poker,1,1,0,2,6778.5000,OBNOXIOUS,LOW_ROLLER,491,-0.040113333333333334,168.98333333333332
Roulette,1,1,0,2,12115.5000,WHALE,HIGH_ROLLER,10881,0.07277966666666667,-3230.41
Roulette,2,0,1,0,11526.3333,WHALE,HIGH_ROLLER,14343,0.012374333333333336,2218.71
Roulette,0,1,2,0,7297.6667,GRINDER,EVEN_STEVEN,616,0.019173666666666665,-1917.9766666666667
Poker,3,1,2,1,12010.1429,OBNOXIOUS,EVEN_STEVEN,704,-0.022066333333333334,96.38
Roulette,1,0,0,0,14656.0000,WHALE,HIGH_ROLLER,13053,0.11149033333333333,772.7333333333333
Craps,1,3,0,1,8501.6000,OBNOXIOUS,EVEN_STEVEN,1642,0.004438999999999999,-437.15
Craps,0,0,0,1,683.0000,GRINDER,EVEN_STEVEN,857,-0.033921,145.19
Roulette,2,0,2,1,5018.2000,GRINDER,HIGH_ROLLER,19073,0.022575666666666664,-273.5366666666667
Blackjack,0,0,2,1,11230.3333,OBNOXIOUS,HIGH_ROLLER,18500,0.009540666666666668,-2529.37
Roulette,0,1,0,0,18948.0000,GRINDER,HIGH_ROLLER,4596,-0.066055,2577.17
Blackjack,0,1,0,0,6585.0000,WHALE,HIGH_ROLLER,7700,-0.05675966666666666,3575.97
Craps,0,0,0,0,0.0000,OBNOXIOUS,LOW_ROLLER,217,0.0,10.056666666666667
Poker,0,0,0,0,0.0000,OBNOXIOUS,LOW_ROLLER,155,0.0,0.0
Blackjack,0,0,0,1,254.0000,OBNOXIOUS,EVEN_STEVEN,1482,-0.161497,-32.946666666666665
Roulette,1,0,1,1,1835.3333,LOW_STAKES,EVEN_STEVEN,751,0.0034599999999999987,-1021.44
Craps,1,0,1,0,9612.5000,WHALE,HIGH_ROLLER,23213,0.013675666666666666,15116.33
Blackjack,2,0,0,1,12874.6667,GRINDER,EVEN_STEVEN,1584,0.019921666666666667,-2168.7433333333333
Poker,2,1,1,0,3817.0000,GRINDER,HIGH_ROLLER,11683,-0.04566966666666667,1426.4433333333334
Poker,3,0,0,3,3955.0000,GRINDER,HIGH_ROLLER,14415,-0.012451666666666666,2256.22
Blackjack,1,1,1,0,9401.6667,LOW_STAKES,EVEN_STEVEN,735,-0.029322333333333332,1936.8433333333332
Blackjack,0,1,0,0,204.0000,GRINDER,EVEN_STEVEN,702,-0.10594866666666668,9.656666666666666
Craps,0,0,2,0,16444.5000,GRINDER,EVEN_STEVEN,1569,-0.008823999999999999,68.68666666666667
Craps,0,2,0,1,4164.0000,LOW_STAKES,EVEN_STEVEN,1368,0.028766,1259.4
Roulette,1,3,0,0,2593.2500,OBNOXIOUS,EVEN_STEVEN,1629,-0.000924333333333332,464.87
Roulette,1,1,0,0,992.0000,GRINDER,HIGH_ROLLER,3036,-0.013994999999999997,339.21
Roulette,0,0,0,0,0.0000,OBNOXIOUS,EVEN_STEVEN,1581,0.0,487.55
Craps,4,2,1,0,6958.1429,OBNOXIOUS,LOW_ROLLER,555,-0.006387333333333333,61.53
Roulette,1,0,0,0,1656.0000,WHALE,HIGH_ROLLER,14126,0.10753633333333333,1290.0266666666666
Poker,0,3,2,1,5476.1667,OBNOXIOUS,LOW_ROLLER,470,-0.014947666666666666,204.51333333333332
Poker,1,0,1,2,6848.5000,LOW_STAKES,EVEN_STEVEN,468,-0.026555000000000002,64.88333333333334
Roulette,2,2,0,1,3302.2000,OBNOXIOUS,HIGH_ROLLER,13950,-0.030671666666666663,6549.606666666667
Roulette,1,1,0,1,996.0000,GRINDER,HIGH_ROLLER,6571,-0.002535666666666667,849.46
Roulette,1,0,0,0,18373.0000,OBNOXIOUS,LOW_ROLLER,285,-0.07032433333333334,-600.1133333333333
Craps,1,1,1,1,2795.7500,LOW_STAKES,EVEN_STEVEN,1781,0.010360333333333334,841.0066666666667
Blackjack,0,0,0,2,984.5000,GRINDER,EVEN_STEVEN,1625,-0.04618533333333333,29.28
Blackjack,0,0,0,0,0.0000,GRINDER,HIGH_ROLLER,11093,0.0,75.82
Poker,0,0,0,0,0.0000,OBNOXIOUS,EVEN_STEVEN,1545,0.0,0.0
Craps,1,0,0,0,24024.0000,GRINDER,EVEN_STEVEN,641,0.04570766666666667,-2138.883333333333
Poker,3,1,1,0,3194.6000,LOW_STAKES,LOW_ROLLER,337,-0.009798999999999997,71.86333333333333
Roulette,1,1,1,1,7901.7500,GRINDER,EVEN_STEVEN,1022,0.032378,-1719.5333333333333
Craps,2,1,0,2,3625.8000,WHALE,HIGH_ROLLER,11245,0.011296333333333335,3312.8166666666666
Craps,1,3,1,2,8990.0000,LOW_STAKES,EVEN_STEVEN,577,-0.0004116666666666661,2843.4366666666665
Poker,0,0,0,0,0.0000,WHALE,HIGH_ROLLER,8921,0.0,0.0
Craps,1,1,3,2,7215.5714,GRINDER,EVEN_STEVEN,1216,-0.03556666666666666,4306.28
Blackjack,3,0,0,1,9986.2500,WHALE,HIGH_ROLLER,8177,0.019267333333333334,3662.7833333333333
Blackjack,0,2,1,0,2351.6667,OBNOXIOUS,EVEN_STEVEN,1689,-0.01187166666666667,-15.836666666666666
Roulette,1,0,0,4,5625.8000,WHALE,HIGH_ROLLER,17392,0.028841000000000002,1964.11
Roulette,0,1,1,0,15951.5000,OBNOXIOUS,LOW_ROLLER,463,-0.033684000000000006,324.9066666666667
Craps,3,1,1,1,7874.3333,WHALE,HIGH_ROLLER,21340,0.006098333333333333,12916.603333333333
Blackjack,1,1,1,1,10655.0000,WHALE,HIGH_ROLLER,20368,0.035710000000000006,7077.973333333333
Craps,0,0,0,0,0.0000,GRINDER,HIGH_ROLLER,20906,0.0,1935.7333333333333
Roulette,0,1,1,0,18778.5000,OBNOXIOUS,EVEN_STEVEN,1608,-0.07770066666666667,114.04333333333334
Roulette,0,0,0,0,0.0000,WHALE,HIGH_ROLLER,8482,0.0,669.4366666666666
Blackjack,1,0,0,0,1241.0000,LOW_STAKES,LOW_ROLLER,413,0.018267666666666665,-90.72333333333333
Craps,1,0,0,1,639.0000,OBNOXIOUS,EVEN_STEVEN,800,-0.030115,-6.466666666666667
Roulette,1,0,1,0,11652.0000,LOW_STAKES,EVEN_STEVEN,1792,-0.02778966666666666,437.3333333333333
Craps,1,3,1,2,8434.1429,WHALE,HIGH_ROLLER,22767,0.0010469999999999987,8857.623333333333
Craps,0,0,0,1,219.0000,OBNOXIOUS,HIGH_ROLLER,19009,-0.201607,702.2233333333334
Craps,0,0,0,2,829.5000,WHALE,HIGH_ROLLER,13341,-0.032212333333333336,6293.783333333334
Blackjack,0,1,0,0,339.0000,GRINDER,HIGH_ROLLER,10111,-0.03330133333333333,-588.9533333333334
Poker,2,1,0,1,975.7500,OBNOXIOUS,LOW_ROLLER,225,-0.026638333333333333,70.22
Poker,5,0,0,1,7852.1667,GRINDER,HIGH_ROLLER,22037,-0.036083,3113.1633333333334
Poker,1,2,2,0,7730.0000,OBNOXIOUS,LOW_ROLLER,485,-0.0061389999999999995,165.45
Craps,1,0,0,2,2071.6667,WHALE,HIGH_ROLLER,15674,0.0038770000000000015,5963.416666666667
Poker,1,2,2,0,9743.6000,GRINDER,HIGH_ROLLER,15282,-0.111195,2130.1833333333334
Roulette,2,1,1,0,6764.7500,OBNOXIOUS,EVEN_STEVEN,1077,-0.022238666666666667,-1008.1433333333333
Poker,1,2,1,1,6391.4000,OBNOXIOUS,HIGH_ROLLER,17589,-0.020442333333333333,2667.2166666666667
Roulette,0,0,1,0,8882.0000,GRINDER,EVEN_STEVEN,978,0.11237766666666665,-1693.7266666666667
Roulette,1,2,0,0,12438.0000,WHALE,HIGH_ROLLER,18867,0.003377666666666669,3428.77
Roulette,0,1,1,1,2293.0000,OBNOXIOUS,LOW_ROLLER,181,0.026137333333333332,-687.9466666666667
Poker,3,1,2,1,9959.0000,LOW_STAKES,LOW_ROLLER,310,0.004096666666666666,76.29
Poker,0,0,2,0,9521.0000,GRINDER,HIGH_ROLLER,8528,-0.284755,1104.51
Craps,1,2,3,0,9163.6667,OBNOXIOUS,HIGH_ROLLER,18910,0.015093333333333335,-1895.5133333333333
Poker,3,0,0,1,9489.0000,GRINDER,EVEN_STEVEN,1155,-0.0037836666666666665,404.21666666666664
Blackjack,0,0,0,0,0.0000,LOW_STAKES,LOW_ROLLER,249,0.0,30.143333333333334
Poker,2,0,0,0,11499.0000,OBNOXIOUS,EVEN_STEVEN,518,-0.05255133333333333,165.83
Poker,0,0,0,1,1231.0000,OBNOXIOUS,EVEN_STEVEN,823,-0.20736733333333335,122.16666666666667
Poker,0,1,0,2,3333.6667,LOW_STAKES,LOW_ROLLER,300,-0.009398333333333331,97.14
Poker,2,0,2,1,7363.4000,OBNOXIOUS,LOW_ROLLER,326,-0.024410333333333332,55.78666666666667
Blackjack,1,0,0,2,7833.0000,GRINDER,EVEN_STEVEN,1310,-0.015837333333333332,-613.6466666666666
Roulette,1,1,0,2,3262.2500,OBNOXIOUS,EVEN_STEVEN,845,-0.002642666666666667,-657.2866666666666
Roulette,0,0,0,0,0.0000,LOW_STAKES,LOW_ROLLER,210,0.0,42.56333333333333
Blackjack,0,0,0,0,0.0000,LOW_STAKES,LOW_ROLLER,439,0.0,45.95666666666666
Poker,0,0,3,1,13669.5000,WHALE,HIGH_ROLLER,7109,-0.056957,1466.4466666666667
Blackjack,0,0,0,0,0.0000,LOW_STAKES,LOW_ROLLER,570,0.0,64.54333333333334
Craps,0,0,1,0,20989.0000,LOW_STAKES,LOW_ROLLER,426,0.013426999999999998,845.7833333333333
Craps,1,0,2,0,8868.3333,WHALE,HIGH_ROLLER,4926,0.0020446666666666664,630.9666666666667
Roulette,1,4,0,0,6020.2000,GRINDER,HIGH_ROLLER,23283,-0.003183666666666667,3774.06
Roulette,0,0,1,1,7045.0000,LOW_STAKES,EVEN_STEVEN,596,-0.052971333333333336,201.65
Blackjack,1,1,0,1,675.6667,LOW_STAKES,EVEN_STEVEN,574,0.039849333333333334,133.44666666666666
Roulette,1,0,3,1,11062.4000,WHALE,HIGH_ROLLER,4783,-0.026346333333333333,4156.926666666666
Poker,0,2,0,2,7137.0000,WHALE,HIGH_ROLLER,23107,-0.21023433333333336,3250.786666666667
Roulette,2,3,0,0,11302.8000,OBNOXIOUS,LOW_ROLLER,576,-0.019009333333333333,-276.4033333333333
Poker,0,1,2,0,7902.6667,WHALE,HIGH_ROLLER,8512,0.016234999999999996,1412.2533333333333
Roulette,1,0,0,0,5494.0000,WHALE,HIGH_ROLLER,16605,0.12480766666666668,2959.29
Blackjack,0,0,0,0,0.0000,OBNOXIOUS,LOW_ROLLER,180,0.0,6.37
Poker,1,1,3,1,5957.5000,LOW_STAKES,EVEN_STEVEN,1582,-0.0011316666666666667,592.3766666666667
Blackjack,1,0,0,0,864.0000,GRINDER,HIGH_ROLLER,3311,-0.009258666666666667,609.3266666666667
Roulette,1,0,3,0,5788.0000,LOW_STAKES,EVEN_STEVEN,767,-0.004184999999999998,-959.27
Blackjack,3,0,1,0,8898.5000,WHALE,HIGH_ROLLER,17376,-0.0007303333333333348,10066.456666666667
Poker,0,0,1,1,7598.5000,OBNOXIOUS,EVEN_STEVEN,509,-0.098471,213.13333333333333
Blackjack,1,0,0,1,10573.0000,GRINDER,HIGH_ROLLER,23953,-0.012251999999999999,2819.3633333333332
Craps,1,4,2,0,13706.5714,GRINDER,EVEN_STEVEN,1226,0.005683333333333333,-975.3933333333333
Roulette,0,0,0,0,0.0000,GRINDER,EVEN_STEVEN,539,0.0,-0.46
Poker,0,0,1,0,11043.0000,WHALE,HIGH_ROLLER,15444,-0.03387533333333332,1734.4466666666667
Poker,2,0,3,2,5791.1429,LOW_STAKES,LOW_ROLLER,316,-0.014962,39.8
Craps,0,0,0,0,0.0000,OBNOXIOUS,EVEN_STEVEN,773,0.0,51.79
Poker,3,1,1,1,6881.8333,GRINDER,EVEN_STEVEN,1664,-0.008460333333333332,567.46
Blackjack,2,1,0,1,1971.5000,LOW_STAKES,EVEN_STEVEN,1396,0.03554966666666667,-626.0966666666667
Blackjack,0,3,0,0,7238.3333,WHALE,HIGH_ROLLER,12310,0.07259866666666667,2062.7633333333333
Blackjack,1,2,0,0,6654.0000,LOW_STAKES,LOW_ROLLER,246,-0.022123000000000004,1968.3466666666666
Poker,0,0,0,0,0.0000,GRINDER,EVEN_STEVEN,864,0.0,0.0
Roulette,0,0,0,0,0.0000,LOW_STAKES,LOW_ROLLER,283,0.0,-90.70333333333333
Craps,0,0,2,2,11423.2500,LOW_STAKES,LOW_ROLLER,491,0.019798999999999997,-881.03
Poker,3,2,0,0,4308.6000,GRINDER,EVEN_STEVEN,1433,-0.007687333333333333,345.48333333333335
Craps,2,0,0,0,1069.5000,LOW_STAKES,LOW_ROLLER,226,0.003296333333333334,-109.67
Craps,2,0,1,1,8968.0000,OBNOXIOUS,HIGH_ROLLER,18246,-0.008380666666666668,127.88666666666667
Blackjack,0,0,0,0,0.0000,OBNOXIOUS,HIGH_ROLLER,6299,0.0,557.7233333333334
Roulette,0,0,2,1,13570.6667,WHALE,HIGH_ROLLER,18646,-0.023349666666666668,4508.756666666667
Blackjack,0,0,2,1,11032.3333,OBNOXIOUS,HIGH_ROLLER,13338,0.011512666666666668,-1298.2266666666667
Blackjack,0,0,0,0,0.0000,OBNOXIOUS,EVEN_STEVEN,1392,0.0,36.663333333333334
Roulette,0,0,0,0,0.0000,GRINDER,HIGH_ROLLER,11322,0.0,2068.423333333333
Roulette,0,0,0,0,0.0000,LOW_STAKES,LOW_ROLLER,237,0.0,-1.37
Poker,0,2,0,0,791.5000,GRINDER,HIGH_ROLLER,16656,-0.7833433333333334,396.1533333333333
Craps,2,0,0,0,1162.0000,GRINDER,EVEN_STEVEN,1365,0.0034019999999999996,-15.763333333333334
Blackjack,2,1,0,0,8423.3333,OBNOXIOUS,HIGH_ROLLER,17390,-0.026114,4376.28
Blackjack,0,1,2,1,2963.7500,GRINDER,EVEN_STEVEN,1717,0.033382,-1352.9466666666667
Blackjack,0,0,1,0,12358.0000,LOW_STAKES,EVEN_STEVEN,1733,0.04457033333333334,-398.49
Poker,2,1,0,4,1815.8571,LOW_STAKES,EVEN_STEVEN,1455,0.001975333333333333,308.65
Craps,1,2,1,1,6132.6000,LOW_STAKES,LOW_ROLLER,268,0.005020333333333332,571.3766666666667
Roulette,0,0,0,0,0.0000,OBNOXIOUS,HIGH_ROLLER,4010,0.0,254.54
Roulette,0,2,1,2,5139.8000,LOW_STAKES,EVEN_STEVEN,1721,-0.04541333333333333,3760.23
Blackjack,2,1,0,0,17539.6667,LOW_STAKES,EVEN_STEVEN,1152,-0.023565666666666665,4627.833333333333
Poker,0,2,0,2,793.2500,GRINDER,EVEN_STEVEN,691,-0.149716,165.19
Blackjack,0,1,0,0,196.0000,OBNOXIOUS,LOW_ROLLER,238,-0.073406,3.1233333333333335
Poker,2,0,0,0,997.0000,GRINDER,EVEN_STEVEN,1494,-0.11991766666666666,180.74666666666667
Blackjack,1,0,1,1,9821.0000,WHALE,HIGH_ROLLER,3629,-0.008918666666666665,2526.8
Roulette,0,0,0,2,1042.0000,LOW_STAKES,EVEN_STEVEN,915,0.008996666666666667,-759.7633333333333
Poker,1,3,2,1,8957.2857,OBNOXIOUS,LOW_ROLLER,378,-0.0009713333333333332,293.96
Craps,0,0,0,1,830.0000,WHALE,HIGH_ROLLER,17765,0.031974666666666665,5862.866666666667
Blackjack,0,3,1,0,2074.5000,LOW_STAKES,EVEN_STEVEN,1433,0.057974,-129.85333333333332
Craps,1,2,1,0,15294.5000,OBNOXIOUS,EVEN_STEVEN,614,0.02194033333333333,-3882.8766666666666
Blackjack,0,0,0,0,0.0000,GRINDER,EVEN_STEVEN,1351,0.0,70.43
Craps,0,0,0,2,1177.0000,WHALE,HIGH_ROLLER,3611,-0.037761666666666666,1887.3566666666666
Blackjack,1,0,0,1,977.0000,OBNOXIOUS,LOW_ROLLER,244,-0.014155999999999998,-142.48666666666668
Roulette,0,0,0,0,0.0000,OBNOXIOUS,HIGH_ROLLER,22813,0.0,823.2933333333333
Poker,0,3,2,1,7452.6667,OBNOXIOUS,LOW_ROLLER,551,-0.001466,9.89
Craps,0,0,0,1,768.0000,WHALE,HIGH_ROLLER,17857,-0.027789,10080.466666666667
Poker,0,4,0,3,4920.7143,GRINDER,HIGH_ROLLER,16449,-0.17037166666666667,2821.6233333333334
Roulette,1,0,1,0,5352.5000,OBNOXIOUS,HIGH_ROLLER,12541,-0.009487,386.99
Roulette,2,1,1,1,3446.4000,WHALE,HIGH_ROLLER,4860,0.013110333333333333,968.6666666666666
Craps,0,0,0,0,0.0000,OBNOXIOUS,HIGH_ROLLER,13056,0.0,1803.62
Poker,3,1,1,2,9024.2857,OBNOXIOUS,HIGH_ROLLER,18206,-0.03222966666666667,3753.72
Blackjack,1,1,2,0,8434.7500,GRINDER,EVEN_STEVEN,529,0.036757333333333336,-1625.9033333333334
Poker,0,2,0,1,6803.3333,GRINDER,EVEN_STEVEN,1483,-0.13116033333333335,841.57
Craps,0,0,0,0,0.0000,WHALE,HIGH_ROLLER,16580,0.0,8556.613333333333
Poker,1,4,2,0,9661.0000,LOW_STAKES,LOW_ROLLER,242,-0.004693,301.49
Blackjack,1,1,0,0,1001.0000,WHALE,HIGH_ROLLER,22178,0.05701133333333334,7321.466666666666
Roulette,0,0,3,0,12117.3333,GRINDER,HIGH_ROLLER,23221,-0.06242333333333334,6240.39
Craps,0,0,0,0,0.0000,LOW_STAKES,EVEN_STEVEN,1242,0.0,111.60333333333334
Blackjack,0,0,1,0,12030.0000,GRINDER,EVEN_STEVEN,724,-0.08684033333333332,1626.6
Poker,1,2,0,2,4374.4000,WHALE,HIGH_ROLLER,12481,-0.06640033333333334,2062.04
Poker,1,0,0,1,3177.5000,WHALE,HIGH_ROLLER,4909,0.025675333333333338,622.45
Poker,0,0,0,2,202.0000,OBNOXIOUS,EVEN_STEVEN,1453,-0.476046,93.99
Roulette,2,0,1,0,7932.0000,GRINDER,EVEN_STEVEN,1618,-0.02897733333333333,3378.0133333333333
Blackjack,0,0,0,2,1320.0000,LOW_STAKES,LOW_ROLLER,374,0.015094,8.603333333333333
Craps,2,2,1,2,4767.4286,LOW_STAKES,LOW_ROLLER,524,0.001593333333333334,377.74666666666667
Craps,2,2,0,0,4613.2500,WHALE,HIGH_ROLLER,22895,0.022013333333333333,11557.126666666667
Roulette,0,0,2,0,8076.0000,GRINDER,HIGH_ROLLER,19363,-0.028985999999999987,2131.213333333333
Roulette,0,1,1,1,4456.3333,GRINDER,HIGH_ROLLER,8536,0.03993733333333334,477.44666666666666
Craps,0,0,0,0,0.0000,LOW_STAKES,EVEN_STEVEN,1537,0.0,129.22
Blackjack,0,0,0,0,0.0000,GRINDER,HIGH_ROLLER,19780,0.0,2012.83
Poker,0,0,0,0,0.0000,LOW_STAKES,LOW_ROLLER,260,0.0,0.0
Roulette,0,0,0,0,0.0000,WHALE,HIGH_ROLLER,5501,0.0,1231.5266666666666
Roulette,0,0,0,0,0.0000,LOW_STAKES,LOW_ROLLER,519,0.0,62.74
Roulette,0,1,0,0,8960.0000,GRINDER,EVEN_STEVEN,1124,-0.028115666666666664,-384.57666666666665
Blackjack,0,1,1,0,11118.0000,OBNOXIOUS,LOW_ROLLER,383,0.013644000000000002,-1294.18
Blackjack,1,2,0,0,15385.6667,WHALE,HIGH_ROLLER,11029,0.031895,7362.66
Roulette,0,2,1,0,4504.6667,GRINDER,HIGH_ROLLER,23676,-0.02763866666666667,4407.8133333333335
Blackjack,1,0,1,2,4524.5000,OBNOXIOUS,EVEN_STEVEN,1293,-0.013276,-587.7933333333333
Craps,0,0,0,0,0.0000,OBNOXIOUS,EVEN_STEVEN,1044,0.0,132.62
Craps,1,0,2,0,14268.6667,LOW_STAKES,LOW_ROLLER,488,-0.013803666666666669,-849.42
Roulette,0,1,0,0,941.0000,LOW_STAKES,LOW_ROLLER,599,-0.006403666666666666,146.69
Craps,0,1,0,0,23919.0000,WHALE,HIGH_ROLLER,12859,-0.01283866666666667,5862.01
Poker,2,2,2,1,6552.8571,OBNOXIOUS,HIGH_ROLLER,10900,-0.03506966666666667,1923.28
Blackjack,0,0,0,0,0.0000,GRINDER,HIGH_ROLLER,16298,0.0,456.2
Roulette,1,0,0,0,1009.0000,WHALE,HIGH_ROLLER,20513,0.12051966666666668,-479.96666666666664
Craps,0,1,2,2,3428.6000,OBNOXIOUS,HIGH_ROLLER,15288,-0.025844,467.19666666666666
Roulette,2,0,1,2,5177.4000,WHALE,HIGH_ROLLER,16702,0.03499533333333333,-625.67
Craps,0,0,0,0,0.0000,OBNOXIOUS,LOW_ROLLER,207,0.0,14.11
Roulette,3,0,0,0,3272.3333,OBNOXIOUS,EVEN_STEVEN,676,-0.038805,1010.3266666666667
Roulette,1,0,0,0,20592.0000,LOW_STAKES,EVEN_STEVEN,1180,-0.03654833333333333,582.4466666666667
Blackjack,2,1,0,0,12131.0000,WHALE,HIGH_ROLLER,3904,0.066945,-250.38
Craps,1,1,1,0,7712.3333,LOW_STAKES,LOW_ROLLER,507,0.0009929999999999989,2030.0566666666666
Roulette,0,0,0,0,0.0000,GRINDER,HIGH_ROLLER,13334,0.0,1602.8966666666668
Blackjack,0,0,0,0,0.0000,GRINDER,EVEN_STEVEN,817,0.0,60.556666666666665
Poker,1,2,0,0,1481.3333,WHALE,HIGH_ROLLER,23765,-0.37020933333333333,1454.13
Poker,0,1,0,0,805.0000,WHALE,HIGH_ROLLER,4758,-0.714772,213.76333333333332
Poker,3,0,1,1,13318.4000,WHALE,HIGH_ROLLER,24365,-0.034001666666666666,3339.596666666667
Blackjack,0,0,0,0,0.0000,OBNOXIOUS,LOW_ROLLER,301,0.0,-11.673333333333334
Craps,1,0,0,2,1089.6667,OBNOXIOUS,HIGH_ROLLER,12112,-0.050274,1753.16
Craps,0,0,0,0,0.0000,OBNOXIOUS,LOW_ROLLER,478,0.0,17.953333333333333
Poker,0,4,0,1,419.8000,GRINDER,EVEN_STEVEN,1731,-0.2858016666666667,202.97
Roulette,0,1,2,2,8163.4000,LOW_STAKES,LOW_ROLLER,159,-0.03879833333333333,2606.1866666666665
Poker,0,1,0,0,18735.0000,LOW_STAKES,EVEN_STEVEN,1068,-0.004411,320.3566666666667
Blackjack,0,0,0,0,0.0000,OBNOXIOUS,EVEN_STEVEN,579,0.0,8.513333333333334
Craps,1,0,1,0,10776.5000,LOW_STAKES,EVEN_STEVEN,712,-0.0028076666666666692,382.88666666666666
Poker,0,0,0,0,0.0000,LOW_STAKES,EVEN_STEVEN,1527,0.0,0.0
Craps,3,0,0,1,16062.5000,WHALE,HIGH_ROLLER,8685,0.020679000000000003,4032.6633333333334
Craps,0,0,0,0,0.0000,WHALE,HIGH_ROLLER,7636,0.0,3421.9466666666667
Roulette,1,0,0,2,607.0000,GRINDER,EVEN_STEVEN,1509,-0.020077,51.75666666666667
Blackjack,1,0,1,1,11073.0000,GRINDER,EVEN_STEVEN,1435,0.010067000000000001,-1417.0133333333333
Blackjack,0,0,2,1,12443.0000,GRINDER,HIGH_ROLLER,4414,-0.008734666666666668,777.7
Blackjack,1,0,1,0,4615.0000,LOW_STAKES,LOW_ROLLER,171,-0.039732,-67.28
Blackjack,1,0,0,0,1597.0000,WHALE,HIGH_ROLLER,5803,0.06559466666666666,3275.6633333333334
Blackjack,1,1,0,1,1340.3333,LOW_STAKES,LOW_ROLLER,556,0.015730666666666667,32.42333333333333
Craps,1,0,1,1,10651.6667,GRINDER,EVEN_STEVEN,1371,-0.00010366666666666833,-1224.95
Blackjack,1,1,0,1,1101.3333,OBNOXIOUS,HIGH_ROLLER,6956,-0.021992666666666664,-211.86
Roulette,0,1,1,1,10843.6667,LOW_STAKES,EVEN_STEVEN,1716,0.026905333333333333,1322.82
Poker,0,0,0,0,0.0000,OBNOXIOUS,EVEN_STEVEN,1421,0.0,0.0
Blackjack,0,0,0,0,0.0000,GRINDER,HIGH_ROLLER,19668,0.0,981.75
Blackjack,0,0,0,1,288.0000,LOW_STAKES,EVEN_STEVEN,648,0.04570933333333333,195.03
Blackjack,1,2,0,0,6518.6667,WHALE,HIGH_ROLLER,8336,0.057063333333333334,678.3833333333333
Poker,0,0,0,0,0.0000,LOW_STAKES,EVEN_STEVEN,458,0.0,0.0
Poker,2,0,1,1,11282.7500,GRINDER,EVEN_STEVEN,1111,0.007771,456.0233333333333
Poker,2,0,1,1,9860.0000,GRINDER,HIGH_ROLLER,6897,-0.044651666666666666,1806.1666666666667
Poker,1,2,1,1,5634.6000,LOW_STAKES,EVEN_STEVEN,1048,0.00014233333333333402,365.46
Blackjack,0,0,0,1,531.0000,LOW_STAKES,EVEN_STEVEN,1304,0.06821,374.0466666666667
Craps,2,1,2,1,9991.1667,WHALE,HIGH_ROLLER,3257,0.0002723333333333321,2077.17
Blackjack,0,1,1,2,2663.2500,OBNOXIOUS,EVEN_STEVEN,1537,-0.019823333333333335,412.29333333333335
Blackjack,0,0,0,1,1024.0000,LOW_STAKES,LOW_ROLLER,594,0.07328766666666667,87.7
Craps,1,3,2,1,4709.5714,GRINDER,EVEN_STEVEN,870,-0.0032173333333333338,2218.59
Craps,0,0,3,1,9060.0000,WHALE,HIGH_ROLLER,9157,0.029037666666666666,1279.9333333333334
Poker,2,1,1,0,4874.2500,WHALE,HIGH_ROLLER,9899,-0.016515333333333333,1354.21
Roulette,1,2,0,0,1186.6667,WHALE,HIGH_ROLLER,18810,-0.012865,264.6433333333333
Roulette,1,1,0,1,4313.0000,GRINDER,HIGH_ROLLER,6390,0.010989333333333334,1866.9033333333334
Roulette,2,0,0,1,5928.6667,LOW_STAKES,LOW_ROLLER,521,-0.017746333333333333,2629.87
Poker,1,0,0,0,20528.0000,LOW_STAKES,EVEN_STEVEN,969,-0.021402333333333332,300.63
Poker,0,0,1,0,12085.0000,OBNOXIOUS,EVEN_STEVEN,974,-0.08704366666666666,313.52666666666664
Roulette,0,1,2,0,8708.6667,WHALE,HIGH_ROLLER,19452,-0.05460666666666667,5584.043333333333
Craps,1,0,0,0,1467.0000,LOW_STAKES,LOW_ROLLER,542,-0.007733666666666666,74.83
Craps,1,0,0,0,14572.0000,LOW_STAKES,LOW_ROLLER,442,-0.003433666666666667,53.016666666666666
Roulette,0,0,0,0,0.0000,LOW_STAKES,LOW_ROLLER,293,0.0,100.21333333333334
Craps,4,0,1,2,4140.1429,WHALE,HIGH_ROLLER,16638,-0.008719333333333334,8085.59
Blackjack,0,1,0,1,4635.5000,LOW_STAKES,EVEN_STEVEN,1055,0.05005933333333333,552.25
Roulette,0,1,0,0,334.0000,LOW_STAKES,LOW_ROLLER,586,-0.053437666666666675,74.02333333333333
Blackjack,0,0,0,0,0.0000,LOW_STAKES,LOW_ROLLER,233,0.0,34.596666666666664
Craps,0,1,3,1,15587.6000,OBNOXIOUS,LOW_ROLLER,384,-0.025819666666666664,1833.3633333333332
Craps,1,4,0,2,5679.5714,WHALE,HIGH_ROLLER,18516,-0.009152,10980.05
Craps,2,2,1,0,2445.2000,WHALE,HIGH_ROLLER,19921,0.006614666666666666,11026.156666666666
Roulette,0,0,0,0,0.0000,OBNOXIOUS,EVEN_STEVEN,1722,0.0,239.87
Roulette,0,1,0,0,228.0000,OBNOXIOUS,LOW_ROLLER,230,-0.04109833333333334,8.116666666666667
Poker,1,2,0,2,4717.0000,GRINDER,HIGH_ROLLER,22082,-0.11989066666666666,2675.326666666667
Craps,4,1,2,0,8251.7143,GRINDER,HIGH_ROLLER,21108,0.011518,2259.2433333333333
Blackjack,1,0,0,1,1546.0000,OBNOXIOUS,EVEN_STEVEN,1726,-0.03858233333333334,-63.67
Poker,1,1,1,1,10478.5000,WHALE,HIGH_ROLLER,20161,-0.089696,3120.8933333333334
Craps,0,2,1,1,4392.0000,OBNOXIOUS,EVEN_STEVEN,882,-0.03387233333333333,515.0966666666667
Poker,2,1,1,0,7838.5000,WHALE,HIGH_ROLLER,10359,-0.019047333333333333,1512.8933333333334
Blackjack,1,0,0,2,7267.6667,OBNOXIOUS,LOW_ROLLER,600,-0.036950000000000004,527.5166666666667
Blackjack,1,1,1,1,7985.0000,OBNOXIOUS,LOW_ROLLER,509,-0.0009880000000000004,-411.74
Poker,1,2,3,0,9217.1667,LOW_STAKES,LOW_ROLLER,519,0.0009946666666666654,-60.013333333333335
Poker,1,0,0,0,1044.0000,WHALE,HIGH_ROLLER,6216,-0.13830299999999998,329.37
Craps,2,2,1,2,4652.8571,LOW_STAKES,LOW_ROLLER,517,0.00019466666666666696,1020.99
Roulette,1,0,0,0,4903.0000,WHALE,HIGH_ROLLER,14256,0.087993,2156.9333333333334
Roulette,0,2,0,2,6981.5000,LOW_STAKES,LOW_ROLLER,197,0.03415733333333333,-1636.2566666666667
Blackjack,0,0,0,0,0.0000,LOW_STAKES,EVEN_STEVEN,1142,0.0,242.98666666666668
Blackjack,1,1,1,0,10496.6667,OBNOXIOUS,EVEN_STEVEN,490,0.054402,-3411.2266666666665
Roulette,1,1,1,0,3538.3333,OBNOXIOUS,EVEN_STEVEN,1622,0.003367999999999999,280.2133333333333
Poker,1,0,1,2,3942.5000,WHALE,HIGH_ROLLER,17546,-0.011532,1842.1166666666666
Roulette,2,1,1,1,11499.6000,GRINDER,HIGH_ROLLER,12790,0.04312733333333334,-185.23
Blackjack,0,1,1,2,2322.5000,LOW_STAKES,LOW_ROLLER,223,-0.007212333333333334,642.9066666666666
Craps,0,3,0,1,697.2500,GRINDER,HIGH_ROLLER,7713,0.004978333333333335,906.85
Poker,3,0,0,1,1105.2500,WHALE,HIGH_ROLLER,8547,-0.08811333333333334,837.5766666666667
Poker,1,2,0,1,1515.7500,WHALE,HIGH_ROLLER,8603,-0.005955333333333333,983.6266666666667
Poker,1,0,2,0,8512.3333,WHALE,HIGH_ROLLER,20799,-0.05379133333333333,1995.3333333333333
Poker,1,1,1,2,5965.4000,OBNOXIOUS,EVEN_STEVEN,918,-0.017695333333333334,295.05
Roulette,1,0,1,0,4170.5000,WHALE,HIGH_ROLLER,4855,0.015295,-942.5866666666667
Roulette,0,1,0,1,12028.0000,OBNOXIOUS,EVEN_STEVEN,1169,-0.05294366666666667,2086.33
Poker,0,0,0,2,542.0000,LOW_STAKES,LOW_ROLLER,480,-0.12767599999999998,76.43
Poker,0,0,0,0,0.0000,LOW_STAKES,EVEN_STEVEN,1050,0.0,0.0
Blackjack,0,0,0,0,0.0000,WHALE,HIGH_ROLLER,17449,0.0,6598.8966666666665
Blackjack,0,0,0,0,0.0000,LOW_STAKES,LOW_ROLLER,189,0.0,36.31333333333333
Roulette,0,1,2,0,6440.0000,LOW_STAKES,EVEN_STEVEN,518,0.03144366666666667,304.19
Roulette,0,0,0,0,0.0000,LOW_STAKES,EVEN_STEVEN,1685,0.0,926.9066666666666
Blackjack,0,1,0,0,18404.0000,WHALE,HIGH_ROLLER,24918,-0.06057633333333334,8560.393333333333
Craps,0,0,0,0,0.0000,OBNOXIOUS,EVEN_STEVEN,666,0.0,92.75
Poker,1,2,0,4,1709.8571,LOW_STAKES,LOW_ROLLER,397,-0.004985666666666667,123.21
Poker,0,0,0,1,558.0000,WHALE,HIGH_ROLLER,22780,-0.5824916666666666,234.96666666666667
Roulette,0,1,0,0,485.0000,LOW_STAKES,LOW_ROLLER,582,0.012886333333333333,2.57
Blackjack,0,2,0,1,887.3333,LOW_STAKES,EVEN_STEVEN,926,0.03306766666666666,227.44333333333333
Craps,0,2,0,3,896.0000,WHALE,HIGH_ROLLER,3077,-0.007355666666666666,1955.25
Blackjack,0,0,0,0,0.0000,GRINDER,HIGH_ROLLER,24313,0.0,1750.8566666666666
Blackjack,1,0,1,1,7891.3333,OBNOXIOUS,HIGH_ROLLER,12049,-0.04915133333333333,284.29333333333335
Blackjack,0,2,0,0,322.0000,WHALE,HIGH_ROLLER,7672,0.076207,3056.8566666666666
Roulette,2,0,1,0,8668.0000,OBNOXIOUS,LOW_ROLLER,263,-0.009899,82.35
Blackjack,2,0,1,1,8960.2500,LOW_STAKES,LOW_ROLLER,413,-0.02399966666666667,1954.4066666666668
Roulette,0,2,2,1,5640.0000,WHALE,HIGH_ROLLER,19148,0.008761666666666666,5678.36
Blackjack,0,0,0,0,0.0000,LOW_STAKES,LOW_ROLLER,544,0.0,71.78333333333333
Blackjack,0,0,1,0,19373.0000,OBNOXIOUS,HIGH_ROLLER,3839,-0.0004939999999999996,-682.13
Blackjack,0,1,1,0,2661.0000,LOW_STAKES,EVEN_STEVEN,717,0.04930433333333333,-326.22333333333336
Roulette,0,0,0,0,0.0000,OBNOXIOUS,HIGH_ROLLER,19930,0.0,1756.4433333333334
Craps,2,1,0,0,3350.3333,LOW_STAKES,LOW_ROLLER,363,0.02710733333333333,105.19333333333333
Poker,0,0,0,0,0.0000,LOW_STAKES,EVEN_STEVEN,721,0.0,0.0
Craps,1,0,0,0,15278.0000,OBNOXIOUS,LOW_ROLLER,477,-0.027964333333333334,-988.63
Poker,3,1,2,0,8031.3333,GRINDER,HIGH_ROLLER,7230,-0.035042,1596.1966666666667
Roulette,1,0,1,1,2676.0000,WHALE,HIGH_ROLLER,5929,0.032606,-66.91333333333333
Poker,1,0,0,0,5993.0000,WHALE,HIGH_ROLLER,4242,0.12019633333333334,653.9566666666667
Roulette,0,1,1,1,7914.0000,OBNOXIOUS,HIGH_ROLLER,22895,-0.009970666666666668,2293.7366666666667
Poker,1,0,2,3,7770.1667,WHALE,HIGH_ROLLER,15114,-0.08843566666666666,2228.383333333333
Roulette,0,0,0,0,0.0000,GRINDER,EVEN_STEVEN,670,0.0,-33.64666666666667
Craps,1,0,1,1,11106.6667,GRINDER,EVEN_STEVEN,1446,-0.0010660000000000003,-1453.1433333333334
Blackjack,1,0,0,2,5717.3333,GRINDER,EVEN_STEVEN,856,-0.02103366666666667,401.4066666666667
Roulette,0,1,0,2,656.3333,GRINDER,HIGH_ROLLER,23115,0.016604,4401.766666666666
Craps,0,2,1,0,5042.0000,LOW_STAKES,LOW_ROLLER,276,0.004669333333333334,1.62
Craps,1,2,0,1,6047.5000,OBNOXIOUS,HIGH_ROLLER,10389,-0.003843,1589.0933333333332
Blackjack,0,0,0,0,0.0000,LOW_STAKES,EVEN_STEVEN,1042,0.0,235.41666666666666
Blackjack,1,0,1,0,22333.5000,WHALE,HIGH_ROLLER,21093,0.036976666666666665,5098.263333333333
Poker,1,2,2,0,9934.8000,LOW_STAKES,LOW_ROLLER,441,0.00016233333333333353,469.48
Poker,4,0,0,2,4156.1667,GRINDER,EVEN_STEVEN,1325,-0.010605999999999999,141.18333333333334
Poker,1,0,0,1,4535.5000,LOW_STAKES,LOW_ROLLER,218,0.016908333333333334,109.06666666666666
